entry_dt,dir,entry_px,exit_dt,exit_px,motivo,pnl_bruto,comissao,pnl
2025-06-12 09:50,SHORT,22106.5,2025-06-12 09:55,22082.5,ALVO,48.0,1.04,46.96
2025-06-12 10:50,SHORT,22158.75,2025-06-12 11:00,22166.75,STOP,-16.0,1.04,-17.04
2025-06-12 11:05,SHORT,22180.5,2025-06-12 11:15,22156.5,ALVO,48.0,1.04,46.96
2025-06-13 09:40,SHORT,21983.25,2025-06-13 09:45,21991.25,STOP,-16.0,1.04,-17.04
2025-06-13 12:20,SHORT,22064.0,2025-06-13 12:25,22040.0,ALVO,48.0,1.04,46.96
2025-06-13 14:40,LONG,21841.75,2025-06-13 14:45,21865.75,ALVO,48.0,1.04,46.96
2025-06-16 10:05,SHORT,22152.5,2025-06-16 10:10,22160.5,STOP,-16.0,1.04,-17.04
2025-06-17 13:30,LONG,22033.25,2025-06-17 13:40,22025.25,STOP,-16.0,1.04,-17.04
2025-06-17 13:50,LONG,21976.25,2025-06-17 13:55,21968.25,STOP,-16.0,1.04,-17.04
2025-06-17 14:05,LONG,21956.0,2025-06-17 14:15,21948.0,STOP,-16.0,1.04,-17.04
2025-06-18 10:40,SHORT,22090.0,2025-06-18 10:50,22066.0,ALVO,48.0,1.04,46.96
2025-06-18 13:35,LONG,21977.0,2025-06-18 13:40,22001.0,ALVO,48.0,1.04,46.96
2025-06-19 09:50,LONG,21682.5,2025-06-19 10:00,21674.5,STOP,-16.0,1.04,-17.04
2025-06-20 09:30,SHORT,22073.25,2025-06-20 09:35,22081.25,STOP,-16.0,1.04,-17.04
2025-06-20 10:55,LONG,21833.0,2025-06-20 11:00,21825.0,STOP,-16.0,1.04,-17.04
2025-06-20 11:05,LONG,21808.5,2025-06-20 11:10,21832.5,ALVO,48.0,1.04,46.96
2025-06-23 09:35,LONG,21860.75,2025-06-23 09:40,21852.75,STOP,-16.0,1.04,-17.04
2025-06-23 10:10,SHORT,21979.75,2025-06-23 10:15,21987.75,STOP,-16.0,1.04,-17.04
2025-06-23 10:20,SHORT,21986.5,2025-06-23 10:25,21994.5,STOP,-16.0,1.04,-17.04
2025-06-23 12:40,LONG,21873.75,2025-06-23 12:45,21865.75,STOP,-16.0,1.04,-17.04
2025-06-23 13:40,SHORT,22049.5,2025-06-23 13:45,22057.5,STOP,-16.0,1.04,-17.04
2025-06-23 13:50,SHORT,22053.25,2025-06-23 14:00,22061.25,STOP,-16.0,1.04,-17.04
2025-06-24 12:45,SHORT,22403.75,2025-06-24 13:15,22411.75,STOP,-16.0,1.04,-17.04
2025-06-25 09:45,SHORT,22523.0,2025-06-25 09:50,22499.0,ALVO,48.0,1.04,46.96
2025-06-26 12:05,SHORT,22625.0,2025-06-26 12:35,22601.0,ALVO,48.0,1.04,46.96
2025-06-26 13:45,SHORT,22640.0,2025-06-26 14:00,22648.0,STOP,-16.0,1.04,-17.04
2025-06-26 14:15,SHORT,22671.0,2025-06-26 14:20,22679.0,STOP,-16.0,1.04,-17.04
2025-06-26 14:25,SHORT,22675.75,2025-06-26 14:30,22683.75,STOP,-16.0,1.04,-17.04
2025-06-27 10:15,SHORT,22794.5,2025-06-27 10:20,22802.5,STOP,-16.0,1.04,-17.04
2025-06-27 13:50,LONG,22723.25,2025-06-27 13:55,22715.25,STOP,-16.0,1.04,-17.04
2025-06-27 14:45,LONG,22641.25,2025-06-27 14:50,22633.25,STOP,-16.0,1.04,-17.04
2025-06-30 09:35,LONG,22843.5,2025-06-30 09:40,22835.5,STOP,-16.0,1.04,-17.04
2025-07-01 11:00,LONG,22704.25,2025-07-01 11:05,22696.25,STOP,-16.0,1.04,-17.04
2025-07-01 11:15,LONG,22633.5,2025-07-01 11:20,22657.5,ALVO,48.0,1.04,46.96
2025-07-02 10:55,SHORT,22810.25,2025-07-02 11:00,22818.25,STOP,-16.0,1.04,-17.04
2025-07-03 09:35,SHORT,22960.75,2025-07-03 09:40,22936.75,ALVO,48.0,1.04,46.96
2025-07-03 10:15,SHORT,23053.5,2025-07-03 10:20,23061.5,STOP,-16.0,1.04,-17.04
2025-07-03 11:45,SHORT,23095.5,2025-07-03 12:30,23071.5,ALVO,48.0,1.04,46.96
2025-07-07 14:35,LONG,22823.75,2025-07-07 14:40,22847.75,ALVO,48.0,1.04,46.96
2025-07-08 10:10,LONG,22884.0,2025-07-08 10:20,22876.0,STOP,-16.0,1.04,-17.04
2025-07-09 09:50,SHORT,23080.0,2025-07-09 09:55,23088.0,STOP,-16.0,1.04,-17.04
2025-07-10 10:10,LONG,22944.0,2025-07-10 10:15,22968.0,ALVO,48.0,1.04,46.96
2025-07-11 10:35,SHORT,22991.0,2025-07-11 10:50,22967.0,ALVO,48.0,1.04,46.96
2025-07-14 09:35,SHORT,22935.0,2025-07-14 09:40,22911.0,ALVO,48.0,1.04,46.96
2025-07-14 13:20,SHORT,23052.75,2025-07-14 13:30,23060.75,STOP,-16.0,1.04,-17.04
2025-07-16 10:00,LONG,22978.5,2025-07-16 10:05,22970.5,STOP,-16.0,1.04,-17.04
2025-07-17 11:15,SHORT,23219.75,2025-07-17 11:20,23227.75,STOP,-16.0,1.04,-17.04
2025-07-17 12:10,SHORT,23256.5,2025-07-17 12:20,23264.5,STOP,-16.0,1.04,-17.04
2025-07-21 09:50,SHORT,23369.5,2025-07-21 09:55,23377.5,STOP,-16.0,1.04,-17.04
2025-07-21 15:15,LONG,23374.75,2025-07-21 15:25,23366.75,STOP,-16.0,1.04,-17.04
2025-07-21 15:30,LONG,23370.75,2025-07-21 15:40,23362.75,STOP,-16.0,1.04,-17.04
2025-07-22 10:05,LONG,23162.5,2025-07-22 10:10,23186.5,ALVO,48.0,1.04,46.96
2025-07-23 10:05,LONG,23174.0,2025-07-23 10:10,23166.0,STOP,-16.0,1.04,-17.04
2025-07-23 10:15,LONG,23172.75,2025-07-23 10:20,23164.75,STOP,-16.0,1.04,-17.04
2025-07-23 14:25,SHORT,23302.5,2025-07-23 15:35,23278.5,ALVO,48.0,1.04,46.96
2025-07-25 09:40,LONG,23363.0,2025-07-25 09:45,23355.0,STOP,-16.0,1.04,-17.04
2025-07-25 12:15,SHORT,23441.5,2025-07-25 12:20,23449.5,STOP,-16.0,1.04,-17.04
2025-07-25 12:30,SHORT,23462.75,2025-07-25 13:15,23438.75,ALVO,48.0,1.04,46.96
2025-07-29 09:40,SHORT,23620.0,2025-07-29 09:50,23596.0,ALVO,48.0,1.04,46.96
2025-07-29 11:20,LONG,23497.25,2025-07-29 11:25,23489.25,STOP,-16.0,1.04,-17.04
2025-07-29 11:30,LONG,23491.0,2025-07-29 11:35,23483.0,STOP,-16.0,1.04,-17.04
2025-07-29 15:40,LONG,23438.25,2025-07-29 15:50,23460.25,FLATTEN,44.0,1.04,42.96
2025-07-30 15:10,LONG,23443.0,2025-07-30 15:15,23435.0,STOP,-16.0,1.04,-17.04
2025-07-31 09:45,LONG,23646.0,2025-07-31 09:50,23670.0,ALVO,48.0,1.04,46.96
2025-07-31 11:00,LONG,23574.25,2025-07-31 11:05,23566.25,STOP,-16.0,1.04,-17.04
2025-07-31 13:30,LONG,23441.0,2025-07-31 13:35,23465.0,ALVO,48.0,1.04,46.96
2025-07-31 14:00,LONG,23391.5,2025-07-31 14:05,23383.5,STOP,-16.0,1.04,-17.04
2025-08-01 09:55,LONG,22886.0,2025-08-01 10:00,22878.0,STOP,-16.0,1.04,-17.04
2025-08-01 13:05,LONG,22890.75,2025-08-01 13:10,22882.75,STOP,-16.0,1.04,-17.04
2025-08-04 09:50,SHORT,23214.0,2025-08-04 09:55,23222.0,STOP,-16.0,1.04,-17.04
2025-08-04 10:00,SHORT,23239.5,2025-08-04 10:05,23247.5,STOP,-16.0,1.04,-17.04
2025-08-05 10:50,LONG,23174.25,2025-08-05 10:55,23166.25,STOP,-16.0,1.04,-17.04
2025-08-05 14:55,LONG,23147.0,2025-08-05 15:05,23139.0,STOP,-16.0,1.04,-17.04
2025-08-06 10:10,SHORT,23233.0,2025-08-06 10:15,23209.0,ALVO,48.0,1.04,46.96
2025-08-06 11:35,SHORT,23315.5,2025-08-06 11:40,23323.5,STOP,-16.0,1.04,-17.04
2025-08-06 11:55,SHORT,23367.75,2025-08-06 12:00,23375.75,STOP,-16.0,1.04,-17.04
2025-08-06 12:10,SHORT,23364.25,2025-08-06 12:15,23372.25,STOP,-16.0,1.04,-17.04
2025-08-06 14:40,SHORT,23424.25,2025-08-06 14:50,23432.25,STOP,-16.0,1.04,-17.04
2025-08-07 12:45,LONG,23416.5,2025-08-07 12:50,23440.5,ALVO,48.0,1.04,46.96
2025-08-07 14:25,LONG,23371.0,2025-08-07 14:30,23363.0,STOP,-16.0,1.04,-17.04
2025-08-08 09:50,SHORT,23633.5,2025-08-08 09:55,23641.5,STOP,-16.0,1.04,-17.04
2025-08-08 10:10,SHORT,23648.75,2025-08-08 10:15,23656.75,STOP,-16.0,1.04,-17.04
2025-08-08 10:35,SHORT,23693.75,2025-08-08 10:50,23669.75,ALVO,48.0,1.04,46.96
2025-08-11 14:05,LONG,23685.5,2025-08-11 14:10,23677.5,STOP,-16.0,1.04,-17.04
2025-08-12 11:25,SHORT,23834.0,2025-08-12 11:30,23842.0,STOP,-16.0,1.04,-17.04
2025-08-12 12:40,SHORT,23878.25,2025-08-12 12:45,23886.25,STOP,-16.0,1.04,-17.04
2025-08-12 12:55,SHORT,23900.5,2025-08-12 13:45,23908.5,STOP,-16.0,1.04,-17.04
2025-08-12 14:00,SHORT,23913.25,2025-08-12 14:15,23921.25,STOP,-16.0,1.04,-17.04
2025-08-12 14:20,SHORT,23919.0,2025-08-12 15:30,23927.0,STOP,-16.0,1.04,-17.04
2025-08-12 15:40,SHORT,23918.0,2025-08-12 15:50,23932.75,FLATTEN,-29.5,1.04,-30.54
2025-08-13 09:40,SHORT,24045.5,2025-08-13 09:50,24053.5,STOP,-16.0,1.04,-17.04
2025-08-13 11:20,LONG,23945.25,2025-08-13 11:25,23937.25,STOP,-16.0,1.04,-17.04
2025-08-15 09:35,LONG,23866.0,2025-08-15 09:40,23858.0,STOP,-16.0,1.04,-17.04
2025-08-15 09:55,LONG,23804.75,2025-08-15 10:00,23796.75,STOP,-16.0,1.04,-17.04
2025-08-19 09:35,LONG,23701.25,2025-08-19 09:40,23693.25,STOP,-16.0,1.04,-17.04
2025-08-19 10:50,LONG,23582.25,2025-08-19 10:55,23574.25,STOP,-16.0,1.04,-17.04
2025-08-19 12:45,LONG,23496.5,2025-08-19 12:50,23488.5,STOP,-16.0,1.04,-17.04
2025-08-19 13:10,LONG,23466.25,2025-08-19 13:15,23458.25,STOP,-16.0,1.04,-17.04
2025-08-19 13:20,LONG,23474.75,2025-08-19 13:35,23498.75,ALVO,48.0,1.04,46.96
2025-08-20 10:00,LONG,23199.5,2025-08-20 10:05,23191.5,STOP,-16.0,1.04,-17.04
2025-08-22 10:20,SHORT,23509.0,2025-08-22 10:25,23517.0,STOP,-16.0,1.04,-17.04
2025-08-26 15:35,SHORT,23554.75,2025-08-26 15:50,23595.25,FLATTEN,-81.0,1.04,-82.04
2025-08-27 09:50,LONG,23522.0,2025-08-27 10:00,23546.0,ALVO,48.0,1.04,46.96
2025-08-27 14:25,SHORT,23648.75,2025-08-27 15:00,23624.75,ALVO,48.0,1.04,46.96
2025-08-28 09:35,SHORT,23703.5,2025-08-28 09:40,23711.5,STOP,-16.0,1.04,-17.04
2025-08-29 09:50,LONG,23563.75,2025-08-29 09:55,23555.75,STOP,-16.0,1.04,-17.04
2025-08-29 10:10,LONG,23460.5,2025-08-29 10:15,23452.5,STOP,-16.0,1.04,-17.04
2025-09-02 11:55,LONG,23043.75,2025-09-02 12:10,23067.75,ALVO,48.0,1.04,46.96
2025-09-02 13:50,SHORT,23205.75,2025-09-02 14:05,23181.75,ALVO,48.0,1.04,46.96
2025-09-03 14:10,LONG,23352.75,2025-09-03 14:15,23344.75,STOP,-16.0,1.04,-17.04
2025-09-04 15:25,SHORT,23627.5,2025-09-04 15:40,23635.5,STOP,-16.0,1.04,-17.04
2025-09-05 10:30,LONG,23654.25,2025-09-05 10:35,23646.25,STOP,-16.0,1.04,-17.04
2025-09-05 10:50,LONG,23623.0,2025-09-05 10:55,23615.0,STOP,-16.0,1.04,-17.04
2025-09-08 09:45,SHORT,23832.25,2025-09-08 09:50,23840.25,STOP,-16.0,1.04,-17.04
2025-09-08 10:10,SHORT,23844.25,2025-09-08 10:15,23820.25,ALVO,48.0,1.04,46.96
2025-09-09 10:05,LONG,23818.5,2025-09-09 10:10,23842.5,ALVO,48.0,1.04,46.96
2025-09-10 15:15,LONG,23818.75,2025-09-10 15:20,23810.75,STOP,-16.0,1.04,-17.04
2025-09-12 11:00,SHORT,24090.0,2025-09-12 11:10,24098.0,STOP,-16.0,1.04,-17.04
2025-09-12 15:00,SHORT,24153.0,2025-09-12 15:25,24129.0,ALVO,48.0,1.04,46.96
2025-10-02 09:45,LONG,25058.5,2025-10-02 09:50,25050.5,STOP,-16.0,1.04,-17.04
2025-10-02 11:05,LONG,25034.5,2025-10-02 11:10,25026.5,STOP,-16.0,1.04,-17.04
2025-10-03 13:05,LONG,25064.25,2025-10-03 13:10,25056.25,STOP,-16.0,1.04,-17.04
2025-10-03 13:55,LONG,24972.75,2025-10-03 14:00,24964.75,STOP,-16.0,1.04,-17.04
2025-10-06 14:40,SHORT,25236.0,2025-10-06 14:45,25244.0,STOP,-16.0,1.04,-17.04
2025-10-07 11:10,LONG,25109.75,2025-10-07 11:15,25101.75,STOP,-16.0,1.04,-17.04
2025-10-08 09:35,SHORT,25125.5,2025-10-08 09:40,25133.5,STOP,-16.0,1.04,-17.04
2025-10-08 10:15,SHORT,25209.25,2025-10-08 10:20,25185.25,ALVO,48.0,1.04,46.96
2025-10-08 11:30,SHORT,25232.5,2025-10-08 11:35,25240.5,STOP,-16.0,1.04,-17.04
2025-10-08 11:55,SHORT,25253.25,2025-10-08 12:10,25261.25,STOP,-16.0,1.04,-17.04
2025-10-08 12:20,SHORT,25263.5,2025-10-08 12:45,25239.5,ALVO,48.0,1.04,46.96
2025-10-08 13:50,SHORT,25269.25,2025-10-08 14:00,25277.25,STOP,-16.0,1.04,-17.04
2025-10-09 09:45,LONG,25294.75,2025-10-09 09:50,25286.75,STOP,-16.0,1.04,-17.04
2025-10-09 10:45,LONG,25215.5,2025-10-09 10:50,25239.5,ALVO,48.0,1.04,46.96
2025-10-09 15:40,SHORT,25270.5,2025-10-09 15:45,25278.5,STOP,-16.0,1.04,-17.04
2025-10-10 09:50,SHORT,25338.75,2025-10-10 09:55,25346.75,STOP,-16.0,1.04,-17.04
2025-10-10 11:10,LONG,25076.0,2025-10-10 11:15,25068.0,STOP,-16.0,1.04,-17.04
2025-10-10 11:35,LONG,24734.0,2025-10-10 11:40,24726.0,STOP,-16.0,1.04,-17.04
2025-10-10 13:15,LONG,24646.25,2025-10-10 13:20,24638.25,STOP,-16.0,1.04,-17.04
2025-10-10 15:40,LONG,24506.5,2025-10-10 15:45,24530.5,ALVO,48.0,1.04,46.96
2025-10-14 09:45,LONG,24496.25,2025-10-14 09:50,24488.25,STOP,-16.0,1.04,-17.04
2025-10-14 11:55,SHORT,24801.0,2025-10-14 12:00,24809.0,STOP,-16.0,1.04,-17.04
2025-10-14 12:55,SHORT,24895.5,2025-10-14 13:00,24871.5,ALVO,48.0,1.04,46.96
2025-10-15 09:50,LONG,24981.75,2025-10-15 09:55,24973.75,STOP,-16.0,1.04,-17.04
2025-10-15 11:55,LONG,24933.25,2025-10-15 12:00,24957.25,ALVO,48.0,1.04,46.96
2025-10-15 13:15,LONG,24734.0,2025-10-15 13:20,24726.0,STOP,-16.0,1.04,-17.04
2025-10-16 12:35,LONG,24799.5,2025-10-16 12:40,24791.5,STOP,-16.0,1.04,-17.04
2025-10-20 09:40,SHORT,25198.25,2025-10-20 09:45,25206.25,STOP,-16.0,1.04,-17.04
2025-10-20 11:00,SHORT,25309.25,2025-10-20 11:05,25317.25,STOP,-16.0,1.04,-17.04
2025-10-20 13:50,SHORT,25340.75,2025-10-20 14:05,25348.75,STOP,-16.0,1.04,-17.04
2025-10-21 09:50,LONG,25261.0,2025-10-21 09:55,25253.0,STOP,-16.0,1.04,-17.04
2025-10-22 10:45,LONG,25096.0,2025-10-22 10:50,25120.0,ALVO,48.0,1.04,46.96
2025-10-22 12:35,LONG,24985.0,2025-10-22 12:40,24977.0,STOP,-16.0,1.04,-17.04
2025-10-22 13:30,LONG,24913.5,2025-10-22 13:35,24905.5,STOP,-16.0,1.04,-17.04
2025-10-22 13:45,LONG,24868.75,2025-10-22 13:50,24860.75,STOP,-16.0,1.04,-17.04
2025-10-23 10:05,SHORT,25137.75,2025-10-23 10:10,25145.75,STOP,-16.0,1.04,-17.04
2025-10-24 09:40,SHORT,25506.75,2025-10-24 09:45,25514.75,STOP,-16.0,1.04,-17.04
2025-10-28 12:50,SHORT,26122.75,2025-10-28 13:10,26130.75,STOP,-16.0,1.04,-17.04
2025-10-28 13:55,SHORT,26153.25,2025-10-28 14:05,26161.25,STOP,-16.0,1.04,-17.04
2025-10-28 14:10,SHORT,26157.25,2025-10-28 14:15,26165.25,STOP,-16.0,1.04,-17.04
2025-10-28 14:35,SHORT,26183.75,2025-10-28 14:50,26191.75,STOP,-16.0,1.04,-17.04
2025-10-29 14:45,LONG,26123.25,2025-10-29 14:50,26115.25,STOP,-16.0,1.04,-17.04
2025-10-30 09:40,LONG,25978.0,2025-10-30 09:45,25970.0,STOP,-16.0,1.04,-17.04
2025-10-30 15:25,LONG,25929.25,2025-10-30 15:30,25953.25,ALVO,48.0,1.04,46.96
2025-10-31 09:50,LONG,26114.25,2025-10-31 09:55,26106.25,STOP,-16.0,1.04,-17.04
2025-10-31 10:05,LONG,26114.25,2025-10-31 10:10,26106.25,STOP,-16.0,1.04,-17.04
2025-10-31 12:05,LONG,26027.0,2025-10-31 12:10,26019.0,STOP,-16.0,1.04,-17.04
2025-10-31 12:20,LONG,25986.5,2025-10-31 12:25,26010.5,ALVO,48.0,1.04,46.96
2025-10-31 13:15,LONG,25914.25,2025-10-31 13:20,25906.25,STOP,-16.0,1.04,-17.04
2025-10-31 13:25,LONG,25916.5,2025-10-31 13:30,25908.5,STOP,-16.0,1.04,-17.04
2025-11-03 09:35,SHORT,26181.75,2025-11-03 09:40,26189.75,STOP,-16.0,1.04,-17.04
2025-11-03 10:35,LONG,26060.5,2025-11-03 10:40,26084.5,ALVO,48.0,1.04,46.96
2025-11-04 13:20,LONG,25655.75,2025-11-04 13:25,25647.75,STOP,-16.0,1.04,-17.04
2025-11-04 13:40,LONG,25639.25,2025-11-04 13:45,25631.25,STOP,-16.0,1.04,-17.04
2025-11-04 14:50,LONG,25592.0,2025-11-04 15:00,25616.0,ALVO,48.0,1.04,46.96
2025-11-05 10:00,SHORT,25666.25,2025-11-05 10:05,25674.25,STOP,-16.0,1.04,-17.04
2025-11-05 11:55,SHORT,25779.5,2025-11-05 12:05,25755.5,ALVO,48.0,1.04,46.96
2025-11-05 12:40,SHORT,25818.5,2025-11-05 12:45,25826.5,STOP,-16.0,1.04,-17.04
2025-11-05 13:55,SHORT,25864.75,2025-11-05 14:00,25840.75,ALVO,48.0,1.04,46.96
2025-11-06 09:35,LONG,25660.25,2025-11-06 09:40,25652.25,STOP,-16.0,1.04,-17.04
2025-11-06 11:50,LONG,25258.0,2025-11-06 11:55,25250.0,STOP,-16.0,1.04,-17.04
2025-11-07 09:40,LONG,24988.25,2025-11-07 09:45,24980.25,STOP,-16.0,1.04,-17.04
2025-11-07 11:00,LONG,24839.5,2025-11-07 11:05,24831.5,STOP,-16.0,1.04,-17.04
2025-11-07 11:15,LONG,24803.75,2025-11-07 11:20,24827.75,ALVO,48.0,1.04,46.96
2025-11-07 14:45,SHORT,25075.5,2025-11-07 14:50,25083.5,STOP,-16.0,1.04,-17.04
2025-11-07 15:05,SHORT,25100.25,2025-11-07 15:10,25108.25,STOP,-16.0,1.04,-17.04
2025-11-10 09:50,SHORT,25600.0,2025-11-10 09:55,25608.0,STOP,-16.0,1.04,-17.04
2025-11-10 13:20,SHORT,25649.0,2025-11-10 13:30,25657.0,STOP,-16.0,1.04,-17.04
2025-11-10 13:50,SHORT,25669.5,2025-11-10 14:00,25645.5,ALVO,48.0,1.04,46.96
2025-11-10 14:55,SHORT,25698.5,2025-11-10 15:00,25706.5,STOP,-16.0,1.04,-17.04
2025-11-11 13:25,SHORT,25648.25,2025-11-11 13:35,25624.25,ALVO,48.0,1.04,46.96
2025-11-11 14:00,SHORT,25668.25,2025-11-11 14:05,25676.25,STOP,-16.0,1.04,-17.04
2025-11-12 09:50,LONG,25613.75,2025-11-12 09:55,25605.75,STOP,-16.0,1.04,-17.04
2025-11-13 09:45,LONG,25327.25,2025-11-13 09:50,25319.25,STOP,-16.0,1.04,-17.04
2025-11-13 10:55,LONG,25243.0,2025-11-13 11:00,25235.0,STOP,-16.0,1.04,-17.04
2025-11-13 11:10,LONG,25217.0,2025-11-13 11:15,25209.0,STOP,-16.0,1.04,-17.04
2025-11-13 13:40,LONG,25044.75,2025-11-13 13:45,25036.75,STOP,-16.0,1.04,-17.04
2025-11-14 10:50,SHORT,25132.0,2025-11-14 10:55,25140.0,STOP,-16.0,1.04,-17.04
2025-11-14 11:30,SHORT,25217.75,2025-11-14 11:35,25225.75,STOP,-16.0,1.04,-17.04
2025-11-17 09:30,LONG,25060.0,2025-11-17 09:35,25084.0,ALVO,48.0,1.04,46.96
2025-11-17 14:05,LONG,24894.0,2025-11-17 14:10,24886.0,STOP,-16.0,1.04,-17.04
2025-11-17 14:50,LONG,24790.5,2025-11-17 14:55,24782.5,STOP,-16.0,1.04,-17.04
2025-11-17 15:05,LONG,24769.25,2025-11-17 15:10,24761.25,STOP,-16.0,1.04,-17.04
2025-11-18 10:05,LONG,24550.5,2025-11-18 10:10,24542.5,STOP,-16.0,1.04,-17.04
2025-11-19 10:05,SHORT,24919.25,2025-11-19 10:10,24927.25,STOP,-16.0,1.04,-17.04
2025-11-19 10:20,SHORT,24935.25,2025-11-19 10:25,24943.25,STOP,-16.0,1.04,-17.04
2025-11-19 12:40,LONG,24621.75,2025-11-19 12:45,24613.75,STOP,-16.0,1.04,-17.04
2025-11-20 11:25,LONG,24953.5,2025-11-20 11:30,24945.5,STOP,-16.0,1.04,-17.04
2025-11-20 11:40,LONG,24792.0,2025-11-20 11:45,24784.0,STOP,-16.0,1.04,-17.04
2025-11-20 12:05,LONG,24578.0,2025-11-20 12:10,24570.0,STOP,-16.0,1.04,-17.04
2025-11-20 12:20,LONG,24455.5,2025-11-20 12:25,24447.5,STOP,-16.0,1.04,-17.04
2025-11-20 13:55,LONG,24296.0,2025-11-20 14:00,24288.0,STOP,-16.0,1.04,-17.04
2025-11-21 10:40,LONG,24005.75,2025-11-21 10:45,24029.75,ALVO,48.0,1.04,46.96
2025-11-21 13:55,SHORT,24489.75,2025-11-21 14:00,24497.75,STOP,-16.0,1.04,-17.04
2025-11-21 14:10,SHORT,24522.75,2025-11-21 14:15,24530.75,STOP,-16.0,1.04,-17.04
2025-11-21 14:30,SHORT,24532.5,2025-11-21 14:35,24540.5,STOP,-16.0,1.04,-17.04
2025-11-24 09:40,SHORT,24652.25,2025-11-24 09:45,24660.25,STOP,-16.0,1.04,-17.04
2025-11-24 10:05,SHORT,24724.75,2025-11-24 10:10,24732.75,STOP,-16.0,1.04,-17.04
2025-11-24 10:45,SHORT,24799.5,2025-11-24 10:50,24807.5,STOP,-16.0,1.04,-17.04
2025-11-24 11:30,SHORT,24855.5,2025-11-24 11:35,24863.5,STOP,-16.0,1.04,-17.04
2025-11-24 12:55,SHORT,24918.5,2025-11-24 13:00,24926.5,STOP,-16.0,1.04,-17.04
2025-11-25 09:50,LONG,24720.25,2025-11-25 09:55,24744.25,ALVO,48.0,1.04,46.96
2025-11-25 12:40,SHORT,25032.5,2025-11-25 12:45,25040.5,STOP,-16.0,1.04,-17.04
2025-11-26 11:45,SHORT,25346.0,2025-11-26 11:50,25354.0,STOP,-16.0,1.04,-17.04
2025-11-28 13:05,SHORT,25475.5,2025-11-28 13:15,25483.5,STOP,-16.0,1.04,-17.04
2025-12-01 12:50,SHORT,25464.5,2025-12-01 13:05,25472.5,STOP,-16.0,1.04,-17.04
2025-12-01 14:35,LONG,25393.25,2025-12-01 14:40,25385.25,STOP,-16.0,1.04,-17.04
2025-12-02 09:40,SHORT,25587.0,2025-12-02 09:45,25595.0,STOP,-16.0,1.04,-17.04
2025-12-02 10:10,SHORT,25635.25,2025-12-02 10:15,25643.25,STOP,-16.0,1.04,-17.04
2025-12-04 10:00,LONG,25565.0,2025-12-04 10:05,25557.0,STOP,-16.0,1.04,-17.04
2025-12-04 14:25,LONG,25548.0,2025-12-04 14:30,25540.0,STOP,-16.0,1.04,-17.04
2025-12-05 09:35,SHORT,25763.75,2025-12-05 09:40,25739.75,ALVO,48.0,1.04,46.96
2025-12-08 10:30,LONG,25721.75,2025-12-08 10:35,25713.75,STOP,-16.0,1.04,-17.04
2025-12-08 11:05,LONG,25650.5,2025-12-08 11:10,25642.5,STOP,-16.0,1.04,-17.04
2025-12-09 09:35,LONG,25636.0,2025-12-09 09:40,25628.0,STOP,-16.0,1.04,-17.04
2025-12-10 15:15,SHORT,25842.0,2025-12-10 15:20,25850.0,STOP,-16.0,1.04,-17.04
2025-12-11 10:00,LONG,25454.25,2025-12-11 10:05,25446.25,STOP,-16.0,1.04,-17.04
2025-12-12 10:10,LONG,25455.25,2025-12-12 10:15,25447.25,STOP,-16.0,1.04,-17.04
2025-12-12 10:30,LONG,25371.75,2025-12-12 10:35,25363.75,STOP,-16.0,1.04,-17.04
2025-12-12 11:25,LONG,25199.0,2025-12-12 11:30,25191.0,STOP,-16.0,1.04,-17.04
2025-12-12 15:40,LONG,25188.25,2025-12-12 15:45,25180.25,STOP,-16.0,1.04,-17.04
2026-01-02 10:30,LONG,25532.5,2026-01-02 10:35,25524.5,STOP,-16.0,1.04,-17.04
2026-01-02 11:20,LONG,25386.5,2026-01-02 11:25,25378.5,STOP,-16.0,1.04,-17.04
2026-01-05 10:35,SHORT,25656.5,2026-01-05 10:40,25664.5,STOP,-16.0,1.04,-17.04
2026-01-05 13:20,LONG,25589.75,2026-01-05 13:30,25613.75,ALVO,48.0,1.04,46.96
2026-01-06 10:00,SHORT,25753.75,2026-01-06 10:05,25761.75,STOP,-16.0,1.04,-17.04
2026-01-06 14:25,SHORT,25810.5,2026-01-06 14:35,25818.5,STOP,-16.0,1.04,-17.04
2026-01-06 14:35,SHORT,25812.0,2026-01-06 14:40,25820.0,STOP,-16.0,1.04,-17.04
2026-01-06 14:45,SHORT,25815.25,2026-01-06 15:15,25823.25,STOP,-16.0,1.04,-17.04
2026-01-07 09:50,SHORT,25870.25,2026-01-07 09:55,25878.25,STOP,-16.0,1.04,-17.04
2026-01-07 12:10,SHORT,25972.25,2026-01-07 12:15,25980.25,STOP,-16.0,1.04,-17.04
2026-01-07 15:15,LONG,25883.5,2026-01-07 15:20,25875.5,STOP,-16.0,1.04,-17.04
2026-01-07 15:40,LONG,25835.25,2026-01-07 15:45,25827.25,STOP,-16.0,1.04,-17.04
2026-01-08 09:45,LONG,25653.25,2026-01-08 09:50,25645.25,STOP,-16.0,1.04,-17.04
2026-01-12 09:40,SHORT,25873.5,2026-01-12 09:45,25849.5,ALVO,48.0,1.04,46.96
2026-01-12 11:20,SHORT,25938.5,2026-01-12 11:30,25946.5,STOP,-16.0,1.04,-17.04
2026-01-13 10:30,LONG,25851.25,2026-01-13 10:35,25843.25,STOP,-16.0,1.04,-17.04
2026-01-13 12:00,SHORT,26016.25,2026-01-13 12:15,25992.25,ALVO,48.0,1.04,46.96
2026-01-14 09:45,LONG,25656.75,2026-01-14 09:50,25648.75,STOP,-16.0,1.04,-17.04
2026-01-14 10:05,LONG,25575.75,2026-01-14 10:10,25567.75,STOP,-16.0,1.04,-17.04
2026-01-14 11:00,LONG,25515.75,2026-01-14 11:05,25507.75,STOP,-16.0,1.04,-17.04
2026-01-15 09:30,SHORT,25900.5,2026-01-15 09:35,25908.5,STOP,-16.0,1.04,-17.04
2026-01-15 14:35,LONG,25786.25,2026-01-15 14:45,25778.25,STOP,-16.0,1.04,-17.04
2026-01-15 15:40,LONG,25712.0,2026-01-15 15:45,25704.0,STOP,-16.0,1.04,-17.04
2026-01-16 10:05,LONG,25760.25,2026-01-16 10:10,25752.25,STOP,-16.0,1.04,-17.04
2026-01-16 10:20,LONG,25719.5,2026-01-16 10:25,25711.5,STOP,-16.0,1.04,-17.04
2026-01-16 10:45,LONG,25623.0,2026-01-16 10:50,25615.0,STOP,-16.0,1.04,-17.04
2026-01-19 09:45,LONG,25256.5,2026-01-19 09:50,25280.5,ALVO,48.0,1.04,46.96
2026-01-20 13:45,LONG,25212.25,2026-01-20 13:50,25204.25,STOP,-16.0,1.04,-17.04
2026-01-20 13:55,LONG,25196.25,2026-01-20 14:00,25220.25,ALVO,48.0,1.04,46.96
2026-01-20 14:35,LONG,25151.25,2026-01-20 14:40,25175.25,ALVO,48.0,1.04,46.96
2026-01-20 15:30,LONG,25142.0,2026-01-20 15:35,25134.0,STOP,-16.0,1.04,-17.04
2026-01-20 15:45,LONG,25122.25,2026-01-20 15:50,25112.75,FLATTEN,-19.0,1.04,-20.04
2026-01-21 10:55,SHORT,25477.25,2026-01-21 11:05,25453.25,ALVO,48.0,1.04,46.96
2026-01-21 12:15,LONG,25192.5,2026-01-21 12:20,25184.5,STOP,-16.0,1.04,-17.04
2026-01-21 14:50,SHORT,25602.25,2026-01-21 14:55,25610.25,STOP,-16.0,1.04,-17.04
2026-01-21 15:00,SHORT,25616.5,2026-01-21 15:05,25592.5,ALVO,48.0,1.04,46.96
2026-01-22 09:50,LONG,25618.25,2026-01-22 09:55,25610.25,STOP,-16.0,1.04,-17.04
2026-01-22 15:40,LONG,25613.75,2026-01-22 15:50,25646.75,FLATTEN,66.0,1.04,64.96
2026-01-23 10:25,SHORT,25744.5,2026-01-23 10:30,25752.5,STOP,-16.0,1.04,-17.04
2026-01-23 11:05,SHORT,25817.5,2026-01-23 11:10,25825.5,STOP,-16.0,1.04,-17.04
2026-01-26 10:00,SHORT,25833.0,2026-01-26 10:05,25841.0,STOP,-16.0,1.04,-17.04
2026-01-26 10:25,SHORT,25841.5,2026-01-26 10:30,25849.5,STOP,-16.0,1.04,-17.04
2026-01-27 09:40,LONG,25956.75,2026-01-27 09:45,25948.75,STOP,-16.0,1.04,-17.04
2026-01-28 11:00,LONG,26175.0,2026-01-28 11:20,26167.0,STOP,-16.0,1.04,-17.04
2026-01-28 11:55,LONG,26123.75,2026-01-28 12:00,26115.75,STOP,-16.0,1.04,-17.04
2026-01-29 09:45,LONG,26005.5,2026-01-29 09:50,25997.5,STOP,-16.0,1.04,-17.04
2026-01-29 10:05,LONG,25801.5,2026-01-29 10:10,25793.5,STOP,-16.0,1.04,-17.04
2026-01-29 10:55,LONG,25580.75,2026-01-29 11:00,25572.75,STOP,-16.0,1.04,-17.04
2026-01-30 13:25,LONG,25648.75,2026-01-30 13:30,25640.75,STOP,-16.0,1.04,-17.04
2026-02-02 09:55,SHORT,25731.75,2026-02-02 10:00,25739.75,STOP,-16.0,1.04,-17.04
2026-02-03 09:45,LONG,25805.25,2026-02-03 09:50,25797.25,STOP,-16.0,1.04,-17.04
2026-02-03 11:35,LONG,25505.25,2026-02-03 11:40,25497.25,STOP,-16.0,1.04,-17.04
2026-02-03 12:15,LONG,25454.25,2026-02-03 12:20,25446.25,STOP,-16.0,1.04,-17.04
2026-02-03 12:45,LONG,25397.0,2026-02-03 12:50,25389.0,STOP,-16.0,1.04,-17.04
2026-02-03 13:55,LONG,25275.0,2026-02-03 14:00,25267.0,STOP,-16.0,1.04,-17.04
2026-02-03 14:10,LONG,25306.5,2026-02-03 14:15,25330.5,ALVO,48.0,1.04,46.96
2026-02-04 10:05,LONG,25215.75,2026-02-04 10:10,25207.75,STOP,-16.0,1.04,-17.04
2026-02-04 11:50,LONG,24962.0,2026-02-04 11:55,24954.0,STOP,-16.0,1.04,-17.04
2026-02-04 12:50,LONG,24826.75,2026-02-04 12:55,24850.75,ALVO,48.0,1.04,46.96
2026-02-09 11:00,SHORT,25310.75,2026-02-09 11:05,25318.75,STOP,-16.0,1.04,-17.04
2026-02-09 11:30,SHORT,25349.25,2026-02-09 11:40,25357.25,STOP,-16.0,1.04,-17.04
2026-02-09 12:05,SHORT,25400.25,2026-02-09 12:10,25408.25,STOP,-16.0,1.04,-17.04
2026-02-09 12:15,SHORT,25410.5,2026-02-09 12:25,25386.5,ALVO,48.0,1.04,46.96
2026-02-10 09:50,LONG,25346.5,2026-02-10 09:55,25338.5,STOP,-16.0,1.04,-17.04
2026-02-11 10:15,LONG,25162.25,2026-02-11 10:20,25154.25,STOP,-16.0,1.04,-17.04
2026-02-11 10:25,LONG,25102.0,2026-02-11 10:30,25094.0,STOP,-16.0,1.04,-17.04
2026-02-12 10:00,LONG,25239.0,2026-02-12 10:05,25231.0,STOP,-16.0,1.04,-17.04
2026-02-12 11:20,LONG,24903.25,2026-02-12 11:25,24895.25,STOP,-16.0,1.04,-17.04
2026-02-13 15:35,LONG,24758.75,2026-02-13 15:40,24750.75,STOP,-16.0,1.04,-17.04
2026-02-16 09:30,LONG,24764.5,2026-02-16 09:35,24756.5,STOP,-16.0,1.04,-17.04
2026-02-16 09:45,LONG,24726.25,2026-02-16 09:50,24750.25,ALVO,48.0,1.04,46.96
2026-02-17 09:40,SHORT,24710.75,2026-02-17 09:45,24718.75,STOP,-16.0,1.04,-17.04
2026-02-18 09:35,LONG,24827.0,2026-02-18 09:40,24819.0,STOP,-16.0,1.04,-17.04
2026-02-18 10:25,SHORT,25054.75,2026-02-18 10:30,25062.75,STOP,-16.0,1.04,-17.04
2026-02-18 14:45,LONG,24937.75,2026-02-18 14:50,24929.75,STOP,-16.0,1.04,-17.04
2026-02-18 15:00,LONG,24916.5,2026-02-18 15:05,24908.5,STOP,-16.0,1.04,-17.04
2026-02-20 10:10,SHORT,24944.25,2026-02-20 10:15,24952.25,STOP,-16.0,1.04,-17.04
2026-02-20 10:25,SHORT,24980.25,2026-02-20 10:30,24988.25,STOP,-16.0,1.04,-17.04
2026-02-23 09:40,SHORT,24906.75,2026-02-23 09:45,24914.75,STOP,-16.0,1.04,-17.04
2026-02-23 11:10,LONG,24689.5,2026-02-23 11:15,24681.5,STOP,-16.0,1.04,-17.04
2026-02-24 09:35,LONG,24797.5,2026-02-24 09:40,24821.5,ALVO,48.0,1.04,46.96
2026-02-25 09:35,SHORT,25226.75,2026-02-25 09:40,25234.75,STOP,-16.0,1.04,-17.04
2026-02-25 10:00,SHORT,25339.5,2026-02-25 10:05,25347.5,STOP,-16.0,1.04,-17.04
2026-02-25 14:10,SHORT,25365.75,2026-02-25 14:15,25373.75,STOP,-16.0,1.04,-17.04
2026-02-25 14:20,SHORT,25368.0,2026-02-25 14:25,25376.0,STOP,-16.0,1.04,-17.04
2026-02-26 10:35,LONG,24969.0,2026-02-26 10:40,24961.0,STOP,-16.0,1.04,-17.04
2026-02-26 12:00,LONG,24988.25,2026-02-26 12:15,24980.25,STOP,-16.0,1.04,-17.04
2026-03-02 09:40,SHORT,24809.75,2026-03-02 09:45,24817.75,STOP,-16.0,1.04,-17.04
2026-03-03 09:40,SHORT,24549.0,2026-03-03 09:45,24557.0,STOP,-16.0,1.04,-17.04
2026-03-03 13:45,SHORT,24786.25,2026-03-03 13:50,24794.25,STOP,-16.0,1.04,-17.04
2026-03-04 10:30,SHORT,25122.5,2026-03-04 10:35,25098.5,ALVO,48.0,1.04,46.96
2026-03-05 12:50,LONG,24828.25,2026-03-05 12:55,24820.25,STOP,-16.0,1.04,-17.04
2026-03-05 13:00,LONG,24827.5,2026-03-05 13:05,24851.5,ALVO,48.0,1.04,46.96
2026-03-05 15:40,SHORT,24962.0,2026-03-05 15:45,24970.0,STOP,-16.0,1.04,-17.04
2026-03-06 15:40,LONG,24699.5,2026-03-06 15:45,24691.5,STOP,-16.0,1.04,-17.04
2026-03-09 12:30,SHORT,24683.0,2026-03-09 12:35,24691.0,STOP,-16.0,1.04,-17.04
2026-03-09 15:40,SHORT,24960.25,2026-03-09 15:45,24968.25,STOP,-16.0,1.04,-17.04
2026-03-10 11:05,SHORT,25133.0,2026-03-10 11:10,25141.0,STOP,-16.0,1.04,-17.04
2026-03-11 09:40,SHORT,25082.75,2026-03-11 09:45,25090.75,STOP,-16.0,1.04,-17.04
2026-03-12 10:00,LONG,24738.0,2026-03-12 10:05,24730.0,STOP,-16.0,1.04,-17.04
2026-03-13 09:55,SHORT,24745.25,2026-03-13 10:00,24753.25,STOP,-16.0,1.04,-17.04
2026-03-13 11:05,LONG,24515.5,2026-03-13 11:10,24539.5,ALVO,48.0,1.04,46.96
2026-04-02 10:20,SHORT,23978.0,2026-04-02 10:25,23954.0,ALVO,48.0,1.04,46.96
2026-04-02 10:45,SHORT,24146.75,2026-04-02 10:50,24154.75,STOP,-16.0,1.04,-17.04
2026-04-07 10:10,LONG,24023.25,2026-04-07 10:15,24047.25,ALVO,48.0,1.04,46.96
2026-04-08 09:45,LONG,25147.0,2026-04-08 09:50,25139.0,STOP,-16.0,1.04,-17.04
2026-04-08 11:00,LONG,25034.0,2026-04-08 11:05,25026.0,STOP,-16.0,1.04,-17.04
2026-04-08 15:00,LONG,24970.25,2026-04-08 15:05,24962.25,STOP,-16.0,1.04,-17.04
2026-04-09 09:30,SHORT,25049.0,2026-04-09 09:35,25057.0,STOP,-16.0,1.04,-17.04
2026-04-09 09:45,SHORT,25077.0,2026-04-09 09:50,25053.0,ALVO,48.0,1.04,46.96
2026-04-09 12:05,SHORT,25245.75,2026-04-09 12:10,25221.75,ALVO,48.0,1.04,46.96
2026-04-10 09:35,SHORT,25327.5,2026-04-10 09:40,25335.5,STOP,-16.0,1.04,-17.04
2026-04-13 09:35,SHORT,25196.5,2026-04-13 09:40,25204.5,STOP,-16.0,1.04,-17.04
2026-04-13 10:10,SHORT,25280.75,2026-04-13 10:15,25288.75,STOP,-16.0,1.04,-17.04
2026-04-13 11:00,SHORT,25314.5,2026-04-13 11:05,25322.5,STOP,-16.0,1.04,-17.04
2026-04-13 12:40,SHORT,25381.0,2026-04-13 12:45,25389.0,STOP,-16.0,1.04,-17.04
2026-04-13 12:50,SHORT,25395.75,2026-04-13 12:55,25403.75,STOP,-16.0,1.04,-17.04
2026-04-13 13:05,SHORT,25401.75,2026-04-13 13:10,25409.75,STOP,-16.0,1.04,-17.04
2026-04-14 09:45,SHORT,25737.0,2026-04-14 09:50,25745.0,STOP,-16.0,1.04,-17.04
2026-04-14 10:30,SHORT,25796.5,2026-04-14 10:35,25804.5,STOP,-16.0,1.04,-17.04
2026-04-14 10:55,SHORT,25808.5,2026-04-14 11:05,25784.5,ALVO,48.0,1.04,46.96
2026-04-14 11:55,SHORT,25878.75,2026-04-14 12:00,25886.75,STOP,-16.0,1.04,-17.04
2026-04-14 15:35,SHORT,25980.5,2026-04-14 15:40,25988.5,STOP,-16.0,1.04,-17.04
2026-04-15 09:40,SHORT,26019.5,2026-04-15 09:45,26027.5,STOP,-16.0,1.04,-17.04
2026-04-15 10:05,SHORT,26060.25,2026-04-15 10:10,26068.25,STOP,-16.0,1.04,-17.04
2026-04-15 10:35,SHORT,26125.75,2026-04-15 10:40,26133.75,STOP,-16.0,1.04,-17.04
2026-04-15 11:05,SHORT,26144.25,2026-04-15 11:10,26152.25,STOP,-16.0,1.04,-17.04
2026-04-15 12:25,SHORT,26226.5,2026-04-15 12:30,26202.5,ALVO,48.0,1.04,46.96
2026-04-15 15:00,SHORT,26305.25,2026-04-15 15:05,26313.25,STOP,-16.0,1.04,-17.04
2026-04-16 09:55,LONG,26311.5,2026-04-16 10:00,26303.5,STOP,-16.0,1.04,-17.04
2026-04-16 11:30,SHORT,26478.5,2026-04-16 11:35,26486.5,STOP,-16.0,1.04,-17.04
2026-04-16 11:40,SHORT,26497.25,2026-04-16 11:45,26505.25,STOP,-16.0,1.04,-17.04
2026-04-16 12:20,SHORT,26525.0,2026-04-16 12:25,26533.0,STOP,-16.0,1.04,-17.04
2026-04-17 10:50,SHORT,26842.75,2026-04-17 10:55,26818.75,ALVO,48.0,1.04,46.96
2026-04-20 11:10,LONG,26606.75,2026-04-20 11:15,26630.75,ALVO,48.0,1.04,46.96
2026-04-21 09:40,LONG,26770.0,2026-04-21 09:45,26762.0,STOP,-16.0,1.04,-17.04
2026-04-21 11:05,LONG,26729.5,2026-04-21 11:10,26753.5,ALVO,48.0,1.04,46.96
2026-04-22 10:30,SHORT,26967.25,2026-04-22 10:35,26975.25,STOP,-16.0,1.04,-17.04
2026-04-23 11:25,SHORT,27137.5,2026-04-23 11:30,27145.5,STOP,-16.0,1.04,-17.04
2026-04-23 13:30,LONG,26900.0,2026-04-23 13:35,26892.0,STOP,-16.0,1.04,-17.04
2026-04-23 13:50,LONG,26823.25,2026-04-23 13:55,26815.25,STOP,-16.0,1.04,-17.04
2026-04-24 12:00,SHORT,27387.25,2026-04-24 12:05,27395.25,STOP,-16.0,1.04,-17.04
2026-04-27 09:55,LONG,27401.0,2026-04-27 10:00,27393.0,STOP,-16.0,1.04,-17.04
2026-04-28 09:50,SHORT,27187.25,2026-04-28 09:55,27195.25,STOP,-16.0,1.04,-17.04
2026-04-28 14:30,SHORT,27160.25,2026-04-28 14:40,27168.25,STOP,-16.0,1.04,-17.04
2026-04-28 15:15,SHORT,27189.0,2026-04-28 15:35,27165.0,ALVO,48.0,1.04,46.96
2026-04-29 09:35,LONG,27166.75,2026-04-29 09:40,27190.75,ALVO,48.0,1.04,46.96
2026-04-30 09:40,LONG,27332.75,2026-04-30 09:45,27324.75,STOP,-16.0,1.04,-17.04
2026-04-30 10:00,LONG,27299.25,2026-04-30 10:05,27291.25,STOP,-16.0,1.04,-17.04
2026-04-30 14:05,SHORT,27567.25,2026-04-30 14:15,27575.25,STOP,-16.0,1.04,-17.04
2026-05-01 10:05,SHORT,27872.0,2026-05-01 10:10,27880.0,STOP,-16.0,1.04,-17.04
2026-05-04 11:25,LONG,27779.25,2026-05-04 11:30,27771.25,STOP,-16.0,1.04,-17.04
2026-05-04 12:10,LONG,27676.5,2026-05-04 12:15,27668.5,STOP,-16.0,1.04,-17.04
2026-05-05 10:00,SHORT,28091.75,2026-05-05 10:05,28099.75,STOP,-16.0,1.04,-17.04
2026-05-06 14:45,SHORT,28638.5,2026-05-06 14:50,28646.5,STOP,-16.0,1.04,-17.04
2026-05-06 15:30,SHORT,28673.75,2026-05-06 15:35,28681.75,STOP,-16.0,1.04,-17.04
2026-05-07 10:10,SHORT,28830.5,2026-05-07 10:15,28838.5,STOP,-16.0,1.04,-17.04
2026-05-07 10:30,SHORT,28878.5,2026-05-07 10:35,28886.5,STOP,-16.0,1.04,-17.04
2026-05-07 11:00,SHORT,28903.25,2026-05-07 11:05,28879.25,ALVO,48.0,1.04,46.96
2026-05-07 12:20,LONG,28702.25,2026-05-07 12:25,28694.25,STOP,-16.0,1.04,-17.04
2026-05-08 09:50,SHORT,29058.0,2026-05-08 09:55,29066.0,STOP,-16.0,1.04,-17.04
2026-05-08 10:05,SHORT,29104.75,2026-05-08 10:10,29112.75,STOP,-16.0,1.04,-17.04
2026-05-08 12:35,SHORT,29227.75,2026-05-08 12:40,29235.75,STOP,-16.0,1.04,-17.04
2026-05-08 13:30,SHORT,29295.25,2026-05-08 13:35,29303.25,STOP,-16.0,1.04,-17.04
2026-05-11 09:35,SHORT,29366.25,2026-05-11 09:40,29374.25,STOP,-16.0,1.04,-17.04
2026-05-12 11:30,LONG,28904.5,2026-05-12 11:35,28896.5,STOP,-16.0,1.04,-17.04
2026-05-13 09:50,LONG,29193.75,2026-05-13 09:55,29185.75,STOP,-16.0,1.04,-17.04
2026-05-13 13:15,SHORT,29482.25,2026-05-13 13:25,29490.25,STOP,-16.0,1.04,-17.04
2026-05-13 14:30,SHORT,29542.0,2026-05-13 14:35,29518.0,ALVO,48.0,1.04,46.96
2026-05-14 09:50,SHORT,29636.75,2026-05-14 09:55,29612.75,ALVO,48.0,1.04,46.96
2026-05-14 11:20,SHORT,29744.5,2026-05-14 11:25,29752.5,STOP,-16.0,1.04,-17.04
2026-05-14 11:30,SHORT,29747.0,2026-05-14 11:35,29755.0,STOP,-16.0,1.04,-17.04
2026-05-15 14:15,SHORT,29415.5,2026-05-15 14:20,29423.5,STOP,-16.0,1.04,-17.04
2026-05-19 13:25,SHORT,29064.75,2026-05-19 13:30,29072.75,STOP,-16.0,1.04,-17.04
2026-05-21 13:20,SHORT,29399.0,2026-05-21 13:25,29407.0,STOP,-16.0,1.04,-17.04
2026-05-21 13:55,SHORT,29512.75,2026-05-21 14:00,29520.75,STOP,-16.0,1.04,-17.04
2026-05-22 09:40,SHORT,29655.25,2026-05-22 09:45,29663.25,STOP,-16.0,1.04,-17.04
2026-05-22 15:35,LONG,29571.0,2026-05-22 15:40,29563.0,STOP,-16.0,1.04,-17.04
2026-05-25 10:45,LONG,29931.75,2026-05-25 10:55,29923.75,STOP,-16.0,1.04,-17.04
2026-05-26 10:40,SHORT,30102.25,2026-05-26 10:45,30110.25,STOP,-16.0,1.04,-17.04
2026-05-27 09:45,LONG,29994.75,2026-05-27 09:50,29986.75,STOP,-16.0,1.04,-17.04
2026-05-28 10:15,SHORT,30161.25,2026-05-28 10:20,30137.25,ALVO,48.0,1.04,46.96
2026-05-28 11:40,SHORT,30270.25,2026-05-28 11:50,30278.25,STOP,-16.0,1.04,-17.04
2026-05-28 12:30,SHORT,30286.75,2026-05-28 12:40,30294.75,STOP,-16.0,1.04,-17.04
2026-05-29 10:05,SHORT,30483.25,2026-05-29 10:10,30491.25,STOP,-16.0,1.04,-17.04
2026-06-01 13:55,SHORT,30668.25,2026-06-01 14:00,30676.25,STOP,-16.0,1.04,-17.04
2026-06-03 09:50,LONG,30619.0,2026-06-03 09:55,30611.0,STOP,-16.0,1.04,-17.04
2026-06-04 13:35,SHORT,30528.75,2026-06-04 13:40,30536.75,STOP,-16.0,1.04,-17.04
2026-06-04 14:15,SHORT,30590.75,2026-06-04 14:30,30566.75,ALVO,48.0,1.04,46.96
2026-06-08 15:25,LONG,29426.0,2026-06-08 15:30,29450.0,ALVO,48.0,1.04,46.96
2026-06-09 10:20,LONG,29467.5,2026-06-09 10:25,29459.5,STOP,-16.0,1.04,-17.04
2026-06-09 10:50,LONG,29145.5,2026-06-09 10:55,29137.5,STOP,-16.0,1.04,-17.04
2026-06-09 11:40,LONG,28911.0,2026-06-09 11:45,28903.0,STOP,-16.0,1.04,-17.04
2026-06-09 12:40,LONG,28377.75,2026-06-09 12:45,28369.75,STOP,-16.0,1.04,-17.04
2026-06-10 09:50,SHORT,28986.25,2026-06-10 09:55,28994.25,STOP,-16.0,1.04,-17.04
2026-06-11 13:35,SHORT,29175.75,2026-06-11 13:40,29183.75,STOP,-16.0,1.04,-17.04
2026-06-11 15:35,SHORT,29496.25,2026-06-11 15:40,29504.25,STOP,-16.0,1.04,-17.04
